time [s],step [Step](/api/datatype/52/)
1.359375,1
1.671875,2
2.734375,3
3.328125,4
4.15625,5
5.375,6
37.578125,7
38.734375,8
39.640625,9
40.03125,10
40.34375,11
41.1875,12
41.578125,13
42.28125,14
42.640625,15
54.96875,16
56.78125,17
57.0625,18
61.40625,19
62.25,20
63.25,21
74.765625,22
88.78125,23
90.84375,24
91.453125,25
91.671875,26
92.0,27
92.5625,28
92.953125,29
93.453125,30
94.359375,31
95.21875,32
95.59375,33
96.9375,34
97.3125,35
97.625,36
97.984375,37
98.203125,38
98.640625,39
99.1875,40
99.40625,41
99.703125,42
100.25,43
100.796875,44
105.578125,45
106.25,46
110.171875,47
110.390625,48
110.734375,49
111.203125,50
124.640625,51
125.125,52
131.21875,53
131.875,54
132.484375,55
133.0,56
133.625,57
134.15625,58
136.28125,59
136.765625,60
137.421875,61
137.8125,62
138.4375,63
138.796875,64
139.359375,65
140.203125,66
141.015625,67
141.390625,68
142.046875,69
142.4375,70
142.9375,71
143.390625,72
184.859375,73
345.1875,74
345.6875,75
346.21875,76
346.734375,77
347.328125,78
347.671875,79
348.28125,80
348.703125,81
349.4375,82
350.03125,83
350.734375,84
351.125,85
352.46875,86
352.6875,87
359.03125,88
359.8125,89
360.234375,90
377.953125,91
379.21875,92
380.09375,93
382.03125,94
382.578125,95
383.25,96
383.625,97
384.265625,98
384.71875,99
385.3125,100
385.53125,101
385.921875,102
386.53125,103
386.921875,104
387.46875,105
387.6875,106
387.96875,107
388.5625,108
388.8125,109
389.171875,110
449.734375,111
474.125,112
475.1875,113
514.890625,114
515.109375,115
604.578125,116
604.796875,117
618.984375,118
630.34375,119
632.609375,120
633.234375,121
633.796875,122
634.453125,123
635.171875,124
653.8125,125
654.5625,126
680.796875,127
681.453125,128
692.359375,129
693.078125,130
693.46875,131
694.8125,132
736.703125,133
737.328125,134
738.515625,135
739.046875,136
739.578125,137
756.25,138
758.28125,139
764.5,140
765.6875,141
766.75,142
767.390625,143
767.8125,144
770.484375,145
771.125,146
772.25,147
772.90625,148
794.03125,149
797.53125,150
803.796875,151
804.375,152
804.859375,153
805.515625,154
805.890625,155
812.9375,156
813.53125,157
814.0625,158
814.703125,159
815.65625,160
821.359375,161
859.53125,162
860.09375,163
871.078125,164
871.671875,165
872.25,166
872.78125,167
873.4375,168
873.84375,169
874.953125,170
875.40625,171
875.953125,172
878.125,173
878.609375,174
879.171875,175
881.34375,176
882.4375,177
882.921875,178
883.5625,179
885.234375,180
887.90625,181
888.578125,182
904.15625,183
906.640625,184
907.34375,185
907.9375,186
908.484375,187
909.109375,188
909.78125,189
916.484375,190
917.109375,191
917.703125,192
918.34375,193
918.921875,194
920.265625,195
921.546875,196
923.109375,197
944.921875,198
945.53125,199
946.796875,200
947.109375,201
979.0625,202
979.515625,203
980.078125,204
980.625,205
981.0,206
981.5,207
981.875,208
982.359375,209
982.828125,210
983.328125,211
983.71875,212
984.28125,213
984.6875,214
985.265625,215
985.640625,216
986.234375,217
986.59375,218
987.125,219
987.5,220
988.0625,221
988.4375,222
988.90625,223
990.21875,224
991.15625,225
993.078125,226
993.6875,227
996.21875,228
996.703125,229
997.28125,230
997.71875,231
998.109375,232
998.5625,233
999.1875,234
999.578125,235
1000.15625,236
1000.53125,237
1001.125,238
1001.453125,239
1002.09375,240
1002.484375,241
1003.0625,242
1003.484375,243
1004.046875,244
1004.46875,245
1005.109375,246
1005.484375,247
1006.078125,248
1006.46875,249
1007.15625,250
1007.515625,251
1008.140625,252
1008.5625,253
1009.21875,254
1009.5625,255
1010.21875,256
1011.234375,257
1011.5625,258
1012.3125,259
1012.578125,260
1013.296875,261
1013.734375,262
1014.8125,263
1015.8125,264
1016.5,265
1016.84375,266
1017.34375,267
1017.84375,268
1018.484375,269
1018.859375,270
1019.484375,271
1019.796875,272
1020.453125,273
1020.890625,274
1021.515625,275
1021.84375,276
1022.5625,277
1022.9375,278
1025.734375,279
1037.578125,280
1038.09375,281
1038.640625,282
1039.15625,283
1039.609375,284
1040.140625,285
1040.546875,286
1041.1875,287
1041.46875,288
1042.140625,289
1043.125,290
1043.515625,291
1044.140625,292
1044.625,293
1045.109375,294
1045.5625,295
1046.0625,296
1046.5,297
1047.03125,298
1047.40625,299
1048.03125,300
1048.4375,301
1049.03125,302
1049.421875,303
1049.984375,304
1050.328125,305
1050.984375,306
1051.390625,307
1052.109375,308
1052.59375,309
1053.15625,310
1053.671875,311
1054.71875,312
1056.4375,313
1057.375,314
1057.828125,315
1058.359375,316
1059.234375,317
1059.59375,318
1060.21875,319
1060.5625,320
1061.203125,321
1062.25,322
1062.546875,323
1063.21875,324
1063.625,325
1064.1875,326
1064.578125,327
1065.140625,328
1065.5625,329
1066.109375,330
1066.640625,331
1067.015625,332
1067.546875,333
1068.0625,334
1068.46875,335
1069.125,336
1069.5625,337
1070.140625,338
1070.6875,339
1071.046875,340
1071.609375,341
1072.265625,342
1072.671875,343
1073.203125,344
1073.65625,345
1074.21875,346
1074.5625,347
1075.25,348
1075.609375,349
1103.25,350
1106.890625,351
1109.53125,352
1109.90625,353
1144.015625,354
1176.90625,355
1177.265625,356
1177.578125,357
1182.65625,358
1187.40625,359
1188.09375,360
1188.671875,361
1190.703125,362
1191.203125,363
1193.625,364
1203.09375,365
1203.578125,366
1204.890625,367
1207.140625,368
1209.796875,369
1210.265625,370
1210.96875,371
1211.53125,372
1212.734375,373
1213.40625,374
1213.796875,375
1214.359375,376
1215.171875,377
1218.859375,378
1219.3125,379
1219.65625,380
1220.1875,381
1220.8125,382
1221.34375,383
1222.90625,384
1223.296875,385
1223.765625,386
1224.875,387
1226.890625,388
1227.28125,389
1228.203125,390
1229.0625,391
1232.46875,392
1234.234375,393
1242.671875,394
1245.96875,395
1272.34375,396
1274.828125,397
1280.75,398
1281.265625,399
1286.953125,400
1290.0,401
1290.421875,402
1297.5625,403
1323.6875,404
1324.578125,405
1325.015625,406
1330.140625,407
1330.515625,408
1330.90625,409
1331.265625,410
1333.515625,411
1333.9375,412
1334.359375,413
1335.5,414
1336.40625,415
1341.34375,416
1353.734375,417
1354.453125,418
1355.171875,419
1358.0625,420
1361.140625,421
1361.78125,422
1362.5625,423
1363.015625,424
1363.671875,425
1364.21875,426
1364.734375,427
1365.21875,428
1365.6875,429
1366.203125,430
1366.65625,431
1367.34375,432
1373.453125,433
1374.03125,434
1374.71875,435
1375.171875,436
1375.59375,437
1376.09375,438
1376.625,439
1377.109375,440
1377.75,441
1378.15625,442
1378.734375,443
1379.140625,444
1379.734375,445
1380.078125,446
1380.703125,447
1381.03125,448
1381.65625,449
1382.171875,450
1382.640625,451
1383.0625,452
1383.609375,453
1384.03125,454
1384.59375,455
1385.078125,456
1385.578125,457
1385.953125,458
1386.5625,459
1387.03125,460
1387.53125,461
1387.9375,462
1388.5,463
1388.90625,464
1389.453125,465
1389.875,466
1390.40625,467
1390.84375,468
1391.390625,469
1391.796875,470
1392.359375,471
1392.78125,472
1393.359375,473
1394.328125,474
1394.734375,475
1395.3125,476
1395.71875,477
1396.328125,478
1396.640625,479
1397.28125,480
1397.734375,481
1398.234375,482
1398.65625,483
1399.21875,484
1399.65625,485
1400.203125,486
1400.609375,487
1401.15625,488
1401.53125,489
1402.171875,490
1403.15625,491
1403.578125,492
1404.140625,493
1405.140625,494
1405.59375,495
1406.109375,496
1406.53125,497
1407.09375,498
1407.46875,499
1408.109375,500
1408.546875,501
1409.078125,502
1409.484375,503
1410.03125,504
1410.453125,505
1411.0,506
1411.40625,507
1411.984375,508
1412.328125,509
1412.9375,510
1413.34375,511
1413.890625,512
1414.296875,513
1414.8125,514
1415.25,515
1415.8125,516
1416.21875,517
1416.75,518
1417.171875,519
1417.703125,520
1418.125,521
1418.65625,522
1419.09375,523
1419.625,524
1420.046875,525
1420.59375,526
1421.015625,527
1421.546875,528
1421.953125,529
1422.53125,530
1422.9375,531
1423.5,532
1423.90625,533
1424.4375,534
1424.875,535
1425.421875,536
1425.828125,537
1426.375,538
1426.796875,539
1427.34375,540
1427.75,541
1428.3125,542
1428.703125,543
1429.265625,544
1429.6875,545
1430.234375,546
1430.65625,547
1431.234375,548
1431.640625,549
1432.1875,550
1432.546875,551
1433.140625,552
1433.484375,553
1434.0625,554
1434.484375,555
1435.0,556
1435.421875,557
1435.953125,558
1436.296875,559
1436.890625,560
1437.296875,561
1437.8125,562
1438.25,563
1438.765625,564
1439.203125,565
1439.734375,566
1440.109375,567
1440.734375,568
1441.125,569
1441.671875,570
1442.109375,571
1442.65625,572
1443.0625,573
1443.609375,574
1444.015625,575
1444.578125,576
1444.984375,577
1445.546875,578
1445.9375,579
1446.515625,580
1446.828125,581
1447.484375,582
1447.84375,583
1448.375,584
1448.8125,585
1449.359375,586
1449.78125,587
1450.296875,588
1450.734375,589
1451.25,590
1451.6875,591
1452.1875,592
1452.53125,593
1453.171875,594
1453.609375,595
1454.09375,596
1454.578125,597
1455.078125,598
1455.40625,599
1456.046875,600
1456.359375,601
1457.0,602
1457.421875,603
1457.9375,604
1458.359375,605
1458.890625,606
1459.3125,607
1459.828125,608
1460.265625,609
1460.78125,610
1461.21875,611
1461.75,612
1462.171875,613
1462.703125,614
1463.015625,615
1463.234375,616
1463.640625,617
1464.046875,618
1464.609375,619
1465.046875,620
1465.609375,621
1466.015625,622
1466.5625,623
1466.96875,624
1467.515625,625
1467.953125,626
1468.515625,627
1468.84375,628
1469.5,629
1469.875,630
1470.4375,631
1470.84375,632
1471.375,633
1471.796875,634
1472.296875,635
1472.734375,636
1473.28125,637
1473.625,638
1474.25,639
1474.578125,640
1475.171875,641
1475.5625,642
1476.078125,643
1476.484375,644
1477.046875,645
1477.46875,646
1478.03125,647
1478.4375,648
1478.984375,649
1479.34375,650
1479.9375,651
1480.265625,652
1480.875,653
1481.25,654
1481.8125,655
1482.234375,656
1482.78125,657
1483.125,658
1483.75,659
1484.15625,660
1484.71875,661
1485.125,662
1485.6875,663
1486.109375,664
1486.625,665
1486.96875,666
1487.59375,667
1487.9375,668
1488.515625,669
1488.921875,670
1489.40625,671
1489.765625,672
1490.375,673
1490.8125,674
1491.359375,675
1492.421875,676
1492.84375,677
1493.3125,678
1494.875,679
1495.4375,680
1496.0,681
1496.375,682
1496.890625,683
1497.28125,684
1497.8125,685
1498.21875,686
1498.734375,687
1499.15625,688
1499.734375,689
1500.15625,690
1500.703125,691
1503.28125,692
1506.703125,693
1507.375,694
1507.828125,695
1508.53125,696
1509.03125,697
1510.671875,698
1511.8125,699
1537.046875,700
1537.5,701
1537.921875,702
1538.46875,703
1538.859375,704
1539.4375,705
1539.84375,706
1540.375,707
1540.71875,708
1541.3125,709
1541.671875,710
1542.265625,711
1542.640625,712
1543.21875,713
1543.640625,714
1544.203125,715
1544.59375,716
1545.140625,717
1545.546875,718
1546.078125,719
1546.5,720
1547.015625,721
1547.421875,722
1547.96875,723
1548.4375,724
1548.90625,725
1549.3125,726
1549.828125,727
1550.21875,728
1550.78125,729
1551.09375,730
1551.75,731
1552.109375,732
1552.640625,733
1553.046875,734
1553.59375,735
1553.890625,736
1554.5,737
1554.921875,738
1555.46875,739
1555.875,740
1556.390625,741
1556.828125,742
1557.34375,743
1557.765625,744
1558.328125,745
1558.734375,746
1559.25,747
1559.609375,748
1560.21875,749
1560.6875,750
1561.234375,751
1561.65625,752
1562.1875,753
1562.640625,754
1563.109375,755
1564.5625,756
1565.125,757
1565.796875,758
1566.203125,759
1566.734375,760
1567.171875,761
1567.6875,762
1568.125,763
1568.671875,764
1569.09375,765
1569.640625,766
1570.046875,767
1570.59375,768
1571.015625,769
1571.578125,770
1571.9375,771
1572.5625,772
1572.9375,773
1573.5,774
1573.90625,775
1574.40625,776
1574.84375,777
1575.390625,778
1575.796875,779
1576.328125,780
1576.765625,781
1577.3125,782
1577.703125,783
1578.265625,784
1578.671875,785
1579.21875,786
1579.640625,787
1580.1875,788
1580.578125,789
1581.125,790
1581.578125,791
1582.09375,792
1582.484375,793
1583.046875,794
1583.421875,795
1584.015625,796
1584.4375,797
1584.984375,798
1585.4375,799
1585.953125,800
1586.359375,801
1586.9375,802
1587.328125,803
1587.859375,804
1588.3125,805
1588.859375,806
1589.234375,807
1589.78125,808
1590.09375,809
1590.6875,810
1591.078125,811
1591.609375,812
1591.984375,813
1592.5,814
1592.859375,815
1593.453125,816
1593.828125,817
1594.34375,818
1594.75,819
1595.296875,820
1595.765625,821
1596.234375,822
1596.84375,823
1597.28125,824
1597.6875,825
1598.1875,826
1598.5,827
1599.125,828
1599.453125,829
1600.109375,830
1600.421875,831
1601.109375,832
1601.484375,833
1606.4375,834
1618.140625,835
1621.4375,836
1622.0625,837
1622.59375,838
1623.1875,839
1623.65625,840
1624.59375,841
1648.265625,842
1648.84375,843
1649.375,844
1649.921875,845
1650.265625,846
1650.875,847
1651.21875,848
1651.796875,849
1652.171875,850
1652.734375,851
1653.1875,852
1653.6875,853
1653.984375,854
1654.640625,855
1655.03125,856
1655.59375,857
1655.984375,858
1656.421875,859
1656.84375,860
1657.484375,861
1657.875,862
1658.375,863
1658.828125,864
1659.359375,865
1659.828125,866
1660.328125,867
1660.671875,868
1661.3125,869
1661.703125,870
1662.25,871
1662.75,872
1663.21875,873
1663.640625,874
1664.203125,875
1664.625,876
1665.15625,877
1665.578125,878
1666.109375,879
1666.53125,880
1667.09375,881
1667.5,882
1668.046875,883
1668.46875,884
1669.03125,885
1669.421875,886
1670.015625,887
1670.390625,888
1670.953125,889
1671.34375,890
1671.90625,891
1672.3125,892
1672.84375,893
1673.265625,894
1673.8125,895
1674.21875,896
1674.796875,897
1675.1875,898
1675.75,899
1676.15625,900
1676.71875,901
1677.109375,902
1677.65625,903
1678.078125,904
1678.65625,905
1679.046875,906
1679.640625,907
1680.109375,908
1680.625,909
1681.015625,910
1681.578125,911
1681.984375,912
1682.515625,913
1682.9375,914
1683.46875,915
1683.890625,916
1684.421875,917
1684.828125,918
1685.375,919
1685.765625,920
1686.34375,921
1686.703125,922
1687.28125,923
1687.6875,924
1688.234375,925
1688.640625,926
1689.21875,927
1689.625,928
1690.203125,929
1690.53125,930
1691.171875,931
1691.609375,932
1692.1875,933
1692.59375,934
1693.171875,935
1693.53125,936
1694.140625,937
1694.5625,938
1695.125,939
1695.53125,940
1696.0625,941
1696.484375,942
1697.015625,943
1697.484375,944
1698.0,945
1698.421875,946
1698.953125,947
1699.390625,948
1700.0,949
1733.921875,950
1734.46875,951
1735.21875,952
1735.59375,953
1736.859375,954
1737.6875,955
1738.09375,956
1738.6875,957
1739.078125,958
1739.609375,959
1739.984375,960
1745.265625,961
1752.296875,962
1753.4375,963
1753.90625,964
1754.125,965
1754.4375,966
1754.984375,967
1755.59375,968
1756.25,969
1756.609375,970
1780.359375,971
1781.078125,972
1821.90625,973
1822.828125,974
1823.4375,975
1824.015625,976
1824.375,977
1824.9375,978
1825.3125,979
1825.84375,980
1833.421875,981
1833.921875,982
1834.5,983
1834.828125,984
1835.578125,985
1835.953125,986
1836.953125,987
1914.4375,988
2346.90625,989
2347.828125,990
2349.859375,991
2350.296875,992
2350.84375,993
2351.3125,994
2351.875,995
2352.3125,996
2352.828125,997
2353.296875,998
2353.796875,999
2354.25,1000
2354.734375,1001
2355.109375,1002
2355.703125,1003
2356.046875,1004
2356.65625,1005
2357.109375,1006
2357.609375,1007
2357.984375,1008
2358.515625,1009
2358.84375,1010
2359.4375,1011
2359.84375,1012
2360.34375,1013
2360.703125,1014
2361.296875,1015
2361.640625,1016
2362.234375,1017
2362.609375,1018
2363.1875,1019
2363.609375,1020
2364.125,1021
2364.5,1022
2365.078125,1023
2365.546875,1024
2366.046875,1025
2366.5,1026
2367.09375,1027
2367.484375,1028
2368.171875,1029
2368.59375,1030
2369.109375,1031
2369.421875,1032
2370.03125,1033
2370.375,1034
2370.96875,1035
2371.390625,1036
2371.890625,1037
2372.3125,1038
2372.828125,1039
2373.234375,1040
2373.734375,1041
2374.0625,1042
2374.640625,1043
2375.0625,1044
2375.578125,1045
2376.015625,1046
2376.5,1047
2376.90625,1048
2377.421875,1049
2377.859375,1050
2378.34375,1051
2378.734375,1052
2379.25,1053
2379.5625,1054
2380.1875,1055
2380.546875,1056
2381.09375,1057
2381.4375,1058
2382.03125,1059
2382.4375,1060
2382.9375,1061
2383.359375,1062
2383.859375,1063
2384.265625,1064
2384.765625,1065
2385.09375,1066
2385.671875,1067
2386.0,1068
2386.578125,1069
2387.0,1070
2387.5,1071
2387.828125,1072
2388.4375,1073
2388.765625,1074
2389.359375,1075
2389.671875,1076
2390.265625,1077
2390.65625,1078
2391.1875,1079
2391.53125,1080
2392.125,1081
2392.515625,1082
2393.015625,1083
2393.375,1084
2393.9375,1085
2394.34375,1086
2394.84375,1087
2395.171875,1088
2395.765625,1089
2396.1875,1090
2396.671875,1091
2397.078125,1092
2397.609375,1093
2398.0625,1094
2398.5625,1095
2398.875,1096
2399.546875,1097
2400.84375,1098
2406.421875,1099
2460.140625,1100
2471.15625,1101
2471.828125,1102
2472.390625,1103
2472.75,1104
2473.375,1105
2473.765625,1106
2474.390625,1107
2474.734375,1108
2475.359375,1109
2475.75,1110
2476.34375,1111
2476.75,1112
2477.34375,1113
2477.71875,1114
2478.296875,1115
2478.65625,1116
2479.28125,1117
2479.609375,1118
2480.234375,1119
2480.578125,1120
2481.203125,1121
2481.65625,1122
2482.171875,1123
2482.59375,1124
2483.125,1125
2483.59375,1126
2484.15625,1127
2484.515625,1128
2485.140625,1129
2485.5625,1130
2486.125,1131
2486.53125,1132
2487.078125,1133
2487.5,1134
2488.046875,1135
2488.40625,1136
2489.03125,1137
2489.359375,1138
2490.015625,1139
2490.484375,1140
2491.015625,1141
2491.375,1142
2492.0,1143
2492.328125,1144
2492.984375,1145
2493.328125,1146
2493.9375,1147
2494.28125,1148
2494.890625,1149
2495.234375,1150
2495.859375,1151
2496.1875,1152
2496.8125,1153
2497.140625,1154
2497.75,1155
2498.09375,1156
2498.734375,1157
2499.0625,1158
2499.671875,1159
2500.0,1160
2500.640625,1161
2500.984375,1162
2501.59375,1163
2501.9375,1164
2502.5625,1165
2502.921875,1166
2503.53125,1167
2503.921875,1168
2504.484375,1169
2504.890625,1170
2505.453125,1171
2505.921875,1172
2506.40625,1173
2506.765625,1174
2507.359375,1175
2507.71875,1176
2508.328125,1177
2508.6875,1178
2509.28125,1179
2509.6875,1180
2510.234375,1181
2510.59375,1182
2511.203125,1183
2511.53125,1184
2512.171875,1185
2512.515625,1186
2513.140625,1187
2513.484375,1188
2514.09375,1189
2514.4375,1190
2515.046875,1191
2515.40625,1192
2516.03125,1193
2516.359375,1194
2516.984375,1195
2517.328125,1196
2517.9375,1197
2518.296875,1198
2518.90625,1199
2519.359375,1200
2519.875,1201
2520.328125,1202
2520.84375,1203
2521.28125,1204
2521.796875,1205
2522.25,1206
2522.8125,1207
2523.15625,1208
2523.765625,1209
2524.171875,1210
2524.640625,1211
2524.96875,1212
2526.25,1213
2526.84375,1214
2527.5,1215
2527.984375,1216
2528.59375,1217
2529.28125,1218
3141.046875,1219
3142.1875,1220
3142.90625,1221
3157.890625,1222
3158.515625,1223
3159.34375,1224
3160.84375,1225
3166.171875,1226
3167.453125,1227
3169.109375,1228
3169.546875,1229
3170.125,1230
3170.53125,1231
3171.125,1232
3171.484375,1233
3172.09375,1234
3172.453125,1235
3173.046875,1236
3173.40625,1237
3174.03125,1238
3175.078125,1239
3180.640625,1240
3181.203125,1241
3181.59375,1242
3182.171875,1243
3182.609375,1244
3183.171875,1245
3183.625,1246
3184.015625,1247
3184.234375,1248
3184.609375,1249
3184.96875,1250
3185.34375,1251
3185.625,1252
3185.984375,1253
3186.421875,1254
3186.796875,1255
3187.3125,1256
3187.671875,1257
3188.203125,1258
3188.671875,1259
3189.265625,1260
3189.609375,1261
3190.140625,1262
3190.5,1263
3190.765625,1264
3191.09375,1265
3191.4375,1266
3191.796875,1267
3192.15625,1268
3192.515625,1269
3192.875,1270
3193.203125,1271
3193.546875,1272
3193.96875,1273
3194.390625,1274
3194.859375,1275
3195.40625,1276
3195.78125,1277
3196.15625,1278
3196.515625,1279
3196.921875,1280
3197.46875,1281
3197.828125,1282
3198.46875,1283
3198.875,1284
3199.59375,1285
3199.984375,1286
3200.6875,1287
3201.03125,1288
3201.75,1289
3202.125,1290
3202.9375,1291
3203.296875,1292
3204.5,1293
3205.265625,1294
3205.625,1295
3206.421875,1296
3206.765625,1297
3207.375,1298
3207.78125,1299
3208.5,1300
3208.921875,1301
3209.546875,1302
3209.953125,1303
3210.53125,1304
3210.890625,1305
3211.578125,1306
3211.9375,1307
3212.578125,1308
3213.015625,1309
3213.609375,1310
3213.96875,1311
3214.59375,1312
3215.0,1313
3215.59375,1314
3215.953125,1315
3216.609375,1316
3216.96875,1317
3217.609375,1318
3218.015625,1319
3218.609375,1320
3219.0,1321
3219.5625,1322
3219.984375,1323
3220.546875,1324
3220.90625,1325
3221.578125,1326
3221.96875,1327
3222.5625,1328
3222.921875,1329
3223.59375,1330
3224.03125,1331
3224.640625,1332
3225.0,1333
3225.609375,1334
3226.03125,1335
3226.625,1336
3227.0,1337
3227.640625,1338
3228.015625,1339
3228.65625,1340
3229.09375,1341
3229.6875,1342
3230.125,1343
3230.71875,1344
3231.109375,1345
3231.703125,1346
3232.125,1347
3232.6875,1348
3233.109375,1349
3233.625,1350
3234.078125,1351
3234.59375,1352
3235.015625,1353
3235.609375,1354
3236.046875,1355
3236.609375,1356
3237.03125,1357
3237.59375,1358
3237.96875,1359
3238.5625,1360
3238.921875,1361
3239.53125,1362
3239.90625,1363
3240.515625,1364
3240.953125,1365
3241.5,1366
3241.921875,1367
3242.484375,1368
3242.859375,1369
3243.46875,1370
3243.90625,1371
3244.453125,1372
3244.84375,1373
3245.484375,1374
3245.921875,1375
3246.484375,1376
3246.84375,1377
3247.484375,1378
3247.875,1379
3248.5,1380
3248.921875,1381
3250.21875,1382
3251.40625,1383
3252.046875,1384
3252.625,1385
3253.1875,1386
3253.625,1387
3254.09375,1388
3254.65625,1389
3255.015625,1390
3255.671875,1391
3256.09375,1392
3256.65625,1393
3257.015625,1394
3257.640625,1395
3258.0625,1396
3258.734375,1397
3259.15625,1398
3259.828125,1399
3260.25,1400
3260.953125,1401
3262.515625,1402
3263.296875,1403
3264.90625,1404
3278.890625,1405
3279.671875,1406
3280.25,1407
3281.21875,1408
3281.59375,1409
3282.8125,1410
3284.140625,1411
3298.5625,1412
3299.4375,1413
3300.515625,1414
3301.0,1415
3303.046875,1416
3303.90625,1417
3314.65625,1418
3315.3125,1419
3315.71875,1420
3316.359375,1421
3316.765625,1422
3317.96875,1423
3319.25,1424
3320.0625,1425
3323.046875,1426
3323.78125,1427
3324.171875,1428
3324.875,1429
3325.234375,1430
3325.875,1431
3326.328125,1432
3326.875,1433
3327.21875,1434
3327.875,1435
3328.265625,1436
3328.921875,1437
3329.3125,1438
3329.921875,1439
3330.390625,1440
3330.984375,1441
3331.390625,1442
3332.0,1443
3332.375,1444
3332.984375,1445
3333.421875,1446
3334.0,1447
3334.375,1448
3334.984375,1449
3335.421875,1450
3336.046875,1451
3336.4375,1452
3337.109375,1453
3337.5,1454
3338.140625,1455
3338.5625,1456
3339.171875,1457
3339.578125,1458
3340.25,1459
3340.625,1460
3341.765625,1461
3352.703125,1462
3353.125,1463
3353.734375,1464
3354.140625,1465
3354.703125,1466
3355.09375,1467
3355.734375,1468
3356.34375,1469
3357.359375,1470
3360.828125,1471
3361.90625,1472
3425.015625,1473
3425.78125,1474
3426.484375,1475
3427.1875,1476
3427.90625,1477
3439.96875,1478
3450.25,1479
3451.359375,1480
3452.078125,1481
3452.484375,1482
3453.5,1483
3454.15625,1484
3454.578125,1485
3455.203125,1486
3455.59375,1487
3456.25,1488
3456.640625,1489
3457.21875,1490
3457.625,1491
3458.203125,1492
3458.59375,1493
3459.140625,1494
3459.5625,1495
3460.0625,1496
3460.5625,1497
3460.890625,1498
3461.21875,1499
3461.4375,1500
3461.921875,1501
3462.25,1502
3463.078125,1503
3463.5625,1504
3464.796875,1505
4093.21875,1506
4728.921875,1507
4729.71875,1508
4730.171875,1509
4730.84375,1510
4731.25,1511
4731.96875,1512
4732.40625,1513
4733.015625,1514
4733.390625,1515
4734.0625,1516
4734.453125,1517
4735.09375,1518
4735.5,1519
4736.109375,1520
4736.5625,1521
4737.125,1522
4737.53125,1523
4738.15625,1524
4738.53125,1525
4739.59375,1526
4740.203125,1527
4740.765625,1528
4741.4375,1529
4741.71875,1530
4742.09375,1531
4742.84375,1532
4743.15625,1533
4743.484375,1534
4745.0625,1535
4748.546875,1536
4750.296875,1537
4751.046875,1538
4751.9375,1539
4752.34375,1540
4753.109375,1541
4753.5,1542
4754.09375,1543
4754.734375,1544
4755.390625,1545
4756.078125,1546
4756.90625,1547
4760.078125,1548
4760.8125,1549
4761.421875,1550
4762.046875,1551
4762.625,1552
4763.453125,1553
4763.828125,1554
4764.625,1555
4765.046875,1556
4767.1875,1557
4767.890625,1558
4771.546875,1559
4772.265625,1560
4773.203125,1561
4774.921875,1562
4776.40625,1563
4782.03125,1564
4782.78125,1565
4784.96875,1566
5844.796875,1567
5847.34375,1568
5848.765625,1569
5849.5,1570
5850.140625,1571
5851.140625,1572
5851.5,1573
5854.9375,1574
5855.765625,1575
5858.15625,1576
5863.0,1577
5863.703125,1578
5872.109375,1579
5872.6875,1580
5873.453125,1581
5873.828125,1582
5874.53125,1583
5874.921875,1584
5875.5625,1585
5875.96875,1586
5876.671875,1587
5877.078125,1588
5877.8125,1589
5878.203125,1590
5878.890625,1591
5879.328125,1592
5881.6875,1593
5882.53125,1594
5898.796875,1595
5899.5625,1596
5900.15625,1597
5900.921875,1598
5901.28125,1599
5901.96875,1600
5902.359375,1601
5903.015625,1602
5903.421875,1603
5904.125,1604
5904.484375,1605
5905.15625,1606
5905.515625,1607
5906.140625,1608
5906.625,1609
5907.15625,1610
5907.65625,1611
5908.265625,1612
5908.734375,1613
5909.421875,1614
5909.84375,1615
5910.546875,1616
5910.953125,1617
5911.734375,1618
5912.09375,1619
5912.8125,1620
5913.234375,1621
5913.90625,1622
5914.265625,1623
5914.984375,1624
5915.390625,1625
5916.0625,1626
5917.15625,1627
5917.546875,1628
5918.28125,1629
5918.625,1630
5919.34375,1631
5919.96875,1632
5920.71875,1633
5923.0625,1634
5924.640625,1635
5978.53125,1636
5978.875,1637
5979.828125,1638
5980.1875,1639
5981.5625,1640
5983.375,1641
5983.75,1642
5984.359375,1643
5984.8125,1644
5985.328125,1645
5985.8125,1646
5986.328125,1647
5986.734375,1648
5987.375,1649
5987.75,1650
5988.421875,1651
5988.8125,1652
5989.515625,1653
5989.890625,1654
5990.546875,1655
5990.984375,1656
5991.5625,1657
5992.015625,1658
5993.15625,1659
5994.359375,1660
5995.125,1661
5995.5,1662
5996.203125,1663
5996.578125,1664
5997.328125,1665
5997.734375,1666
5998.453125,1667
5998.84375,1668
5999.609375,1669
6000.0625,1670
6000.640625,1671
6001.03125,1672
6001.71875,1673
6002.09375,1674
6002.796875,1675
6003.171875,1676
6003.8125,1677
6004.1875,1678
6004.8125,1679
6005.203125,1680
6005.890625,1681
6006.34375,1682
6007.09375,1683
6008.203125,1684
6009.34375,1685
6009.75,1686
6016.828125,1687
6017.59375,1688
6018.296875,1689
6019.578125,1690
6020.4375,1691
6020.84375,1692
6021.609375,1693
6022.09375,1694
6022.71875,1695
6023.109375,1696
6023.828125,1697
6024.21875,1698
6024.9375,1699
6025.4375,1700
6026.109375,1701
6026.53125,1702
6027.171875,1703
6027.578125,1704
6028.390625,1705
6028.765625,1706
6029.484375,1707
6030.21875,1708
6031.015625,1709
6031.59375,1710
6046.84375,1711
6047.0625,1712
6061.75,1713
6062.453125,1714
6062.828125,1715
6063.421875,1716
6063.96875,1717
6064.71875,1718
6065.09375,1719
6065.765625,1720
6066.171875,1721
6066.796875,1722
6067.21875,1723
6067.8125,1724
6068.875,1725
6069.25,1726
6072.25,1727
6075.859375,1728
6076.9375,1729
7238.984375,1730
7240.5,1731
7241.21875,1732
7241.625,1733
7242.171875,1734
7242.625,1735
7243.1875,1736
7243.640625,1737
7244.515625,1738
7244.90625,1739
7245.546875,1740
7246.125,1741
7247.5625,1742
7257.0,1743
7257.4375,1744
7258.609375,1745
7262.578125,1746
7263.734375,1747
7437.0,1748
7645.890625,1749
7646.578125,1750
7647.78125,1751
7648.375,1752
7648.90625,1753
7650.265625,1754
7654.390625,1755
7657.8125,1756
7658.578125,1757
7659.328125,1758
7660.046875,1759
7660.78125,1760
7661.53125,1761
7662.21875,1762
7662.921875,1763
7663.65625,1764
7664.28125,1765
7664.953125,1766
7666.4375,1767
7667.09375,1768
7667.8125,1769
7669.6875,1770
7695.3125,1771
7696.0625,1772
7696.453125,1773
7697.234375,1774
7697.640625,1775
7698.375,1776
7698.75,1777
7699.421875,1778
7699.828125,1779
7700.4375,1780
7700.796875,1781
7701.484375,1782
7701.890625,1783
7702.625,1784
7703.0,1785
7703.734375,1786
7704.078125,1787
7704.796875,1788
7705.1875,1789
7705.921875,1790
7706.390625,1791
7707.09375,1792
7707.515625,1793
7708.125,1794
7708.84375,1795
7718.9375,1796
7720.3125,1797
7720.984375,1798
7722.359375,1799
7773.25,1800
7773.90625,1801
7774.609375,1802
7775.015625,1803
7775.765625,1804
7776.15625,1805
7776.84375,1806
7777.25,1807
7777.890625,1808
7778.3125,1809
7778.875,1810
7779.25,1811
7779.921875,1812
7780.296875,1813
7780.9375,1814
7781.328125,1815
7781.984375,1816
7782.4375,1817
7783.21875,1818
7783.5625,1819
7784.34375,1820
7784.734375,1821
7785.421875,1822
7786.46875,1823
7786.875,1824
7787.53125,1825
7787.921875,1826
7788.5625,1827
7788.984375,1828
7789.59375,1829
7789.984375,1830
7790.65625,1831
7791.03125,1832
7791.671875,1833
7792.09375,1834
7792.765625,1835
7793.90625,1836
7795.75,1837
7802.78125,1838
7803.359375,1839
7804.0625,1840
7804.515625,1841
7805.21875,1842
7805.625,1843
7806.34375,1844
7806.75,1845
7807.40625,1846
7807.796875,1847
7808.5,1848
7808.890625,1849
7809.609375,1850
7810.078125,1851
7810.640625,1852
7811.09375,1853
7811.6875,1854
7812.109375,1855
7812.703125,1856
7813.078125,1857
7813.734375,1858
7814.078125,1859
7814.75,1860
7815.1875,1861
7815.765625,1862
7816.234375,1863
7816.796875,1864
7817.28125,1865
7817.8125,1866
7818.171875,1867
7818.84375,1868
7819.203125,1869
7819.890625,1870
7820.28125,1871
7820.96875,1872
7821.328125,1873
7822.015625,1874
7822.515625,1875
7823.046875,1876
7823.5,1877
7824.6875,1878
7825.625,1879
7825.984375,1880
7826.75,1881
7827.234375,1882
7828.453125,1883
7829.265625,1884
7829.640625,1885
7830.34375,1886
7830.8125,1887
7831.4375,1888
7832.546875,1889
7833.03125,1890
7833.71875,1891
7834.140625,1892
7834.890625,1893
7836.625,1894
7843.265625,1895
7843.84375,1896
7845.015625,1897
7845.703125,1898
7846.0625,1899
7846.734375,1900
7847.109375,1901
7847.765625,1902
7848.140625,1903
7848.796875,1904
7849.265625,1905
7849.921875,1906
7850.375,1907
7851.078125,1908
7851.484375,1909
7852.1875,1910
7852.765625,1911
7863.421875,1912
7864.78125,1913
7865.21875,1914
7865.828125,1915
7866.234375,1916
7867.65625,1917
7885.90625,1918
7886.328125,1919
7887.375,1920
7888.078125,1921
7888.421875,1922
7889.046875,1923
7889.484375,1924
7890.0625,1925
7890.46875,1926
7891.15625,1927
7891.546875,1928
7892.15625,1929
7892.5,1930
7893.09375,1931
7893.453125,1932
7894.078125,1933
7894.46875,1934
7896.578125,1935
7897.03125,1936
7897.5625,1937
7898.015625,1938
7898.625,1939
7898.96875,1940
7899.65625,1941
7900.015625,1942
7900.671875,1943
7901.078125,1944
7901.734375,1945
7902.1875,1946
7902.734375,1947
7903.1875,1948
7903.734375,1949
7904.09375,1950
7904.75,1951
7905.203125,1952
7905.734375,1953
7906.125,1954
7906.734375,1955
7907.15625,1956
7907.71875,1957
7908.140625,1958
7908.71875,1959
7909.203125,1960
7909.765625,1961
7910.234375,1962
7910.859375,1963
7911.234375,1964
7911.921875,1965
7912.40625,1966
7912.9375,1967
7913.328125,1968
7913.984375,1969
7914.359375,1970
7914.96875,1971
7915.453125,1972
7915.96875,1973
7916.390625,1974
7917.0,1975
7917.375,1976
7918.0625,1977
7918.453125,1978
7919.125,1979
7919.625,1980
7920.171875,1981
7920.609375,1982
7921.265625,1983
7921.65625,1984
7922.34375,1985
7922.796875,1986
7923.4375,1987
7923.8125,1988
7924.515625,1989
7924.96875,1990
7925.609375,1991
7926.125,1992
7926.65625,1993
7927.15625,1994
7927.71875,1995
7928.171875,1996
7928.703125,1997
7929.078125,1998
7929.71875,1999
7930.171875,2000
7930.671875,2001
7931.140625,2002
7931.671875,2003
7932.09375,2004
7932.65625,2005
7933.015625,2006
7933.65625,2007
7934.09375,2008
7934.625,2009
7935.015625,2010
7935.59375,2011
7936.015625,2012
7936.53125,2013
7936.984375,2014
7937.515625,2015
7937.953125,2016
7938.5,2017
7938.859375,2018
7939.484375,2019
7939.96875,2020
7940.453125,2021
7940.90625,2022
7941.453125,2023
7941.828125,2024
7942.4375,2025
7942.890625,2026
7943.40625,2027
7943.859375,2028
7944.375,2029
7944.796875,2030
7945.5625,2031
7946.0,2032
7946.6875,2033
7954.171875,2034
7954.78125,2035
7955.515625,2036
7955.921875,2037
7956.59375,2038
7957.078125,2039
7957.5625,2040
7958.65625,2041
7959.03125,2042
7959.765625,2043
7960.171875,2044
7961.34375,2045
7962.6875,2046
7963.96875,2047
7965.4375,2048
7966.171875,2049
7966.859375,2050
7967.578125,2051
7968.234375,2052
7968.984375,2053
7969.625,2054
7971.265625,2055
7973.703125,2056
7974.4375,2057
7974.765625,2058
7987.0625,2059
8057.984375,2060
8058.390625,2061
8059.171875,2062
8221.140625,2063
9046.1875,2064
9046.515625,2065
9402.90625,2066
9403.296875,2067
9848.4375,2068
9854.34375,2069
9856.0,2070
9856.5625,2071
9857.0625,2072
9857.484375,2073
9858.015625,2074
9858.390625,2075
9859.046875,2076
9859.53125,2077
9860.265625,2078
9860.6875,2079
9861.296875,2080
9861.6875,2081
9862.296875,2082
9862.65625,2083
9863.296875,2084
9863.625,2085
9864.28125,2086
9864.671875,2087
9865.296875,2088
9865.734375,2089
9866.3125,2090
9868.171875,2091
9868.625,2092
9869.328125,2093
9872.265625,2094
9872.9375,2095
9874.140625,2096
9874.9375,2097
9875.328125,2098
9876.03125,2099
9876.4375,2100
9877.140625,2101
9877.578125,2102
9878.109375,2103
9878.625,2104
9879.734375,2105
9880.84375,2106
9881.609375,2107
9881.984375,2108
9883.1875,2109
9884.0,2110
9884.375,2111
9885.140625,2112
9885.515625,2113
9886.6875,2114
9887.890625,2115
9888.578125,2116
9889.25,2117
9890.734375,2118
9891.59375,2119
9891.96875,2120
9892.734375,2121
9893.125,2122
9893.90625,2123
9894.28125,2124
9894.953125,2125
9896.078125,2126
9896.46875,2127
9897.171875,2128
9898.234375,2129
9899.328125,2130
9899.765625,2131
9900.40625,2132
9900.8125,2133
9901.5,2134
9901.90625,2135
9902.5625,2136
9903.671875,2137
9904.078125,2138
9904.765625,2139
9905.203125,2140
9905.875,2141
9906.34375,2142
9906.953125,2143
9907.359375,2144
9908.015625,2145
9908.421875,2146
9909.046875,2147
9909.453125,2148
9910.09375,2149
9910.484375,2150
9911.125,2151
9911.546875,2152
9912.15625,2153
9912.578125,2154
9913.25,2155
9913.625,2156
9914.234375,2157
9914.671875,2158
9915.265625,2159
9915.71875,2160
9916.3125,2161
9916.765625,2162
9917.359375,2163
9917.8125,2164
9918.390625,2165
9918.8125,2166
9919.453125,2167
9919.859375,2168
9920.453125,2169
9920.890625,2170
9921.5,2171
9921.953125,2172
9922.59375,2173
9923.65625,2174
9924.09375,2175
9924.703125,2176
9925.171875,2177
9925.75,2178
9926.203125,2179
9926.796875,2180
9927.25,2181
9927.828125,2182
9928.171875,2183
9928.84375,2184
9929.203125,2185
9929.890625,2186
9930.265625,2187
9930.921875,2188
9931.984375,2189
9932.328125,2190
9933.03125,2191
9933.53125,2192
9934.078125,2193
9934.515625,2194
9935.140625,2195
9935.53125,2196
9936.234375,2197
9936.640625,2198
9937.453125,2199
9937.859375,2200
9940.734375,2201
9941.671875,2202
9942.125,2203
9942.734375,2204
9943.140625,2205
9943.828125,2206
9944.1875,2207
9944.875,2208
9945.34375,2209
9946.421875,2210
9947.515625,2211
9948.15625,2212
9948.5,2213
9949.171875,2214
9950.21875,2215
9957.46875,2216
9957.796875,2217
9959.46875,2218
9960.078125,2219
9960.453125,2220
9960.984375,2221
9961.390625,2222
9961.953125,2223
9962.4375,2224
9962.96875,2225
9976.140625,2226
9976.71875,2227
9977.359375,2228
9977.8125,2229
9978.484375,2230
9978.90625,2231
9979.421875,2232
9979.859375,2233
9980.4375,2234
9980.796875,2235
9981.328125,2236
9981.75,2237
9982.265625,2238
9982.59375,2239
9983.21875,2240
9983.609375,2241
9984.28125,2242
9984.734375,2243
9985.59375,2244
9985.96875,2245
9996.140625,2246
9996.5625,2247
9997.0,2248
9997.40625,2249
9997.96875,2250
9998.3125,2251
9998.9375,2252
9999.375,2253
9999.984375,2254
10001.234375,2255
10001.453125,2256
10002.234375,2257
10003.5,2258
10004.265625,2259
10004.90625,2260
10005.796875,2261
10006.15625,2262
10006.84375,2263
10007.375,2264
10008.0625,2265
10008.484375,2266
10009.140625,2267
10009.546875,2268
10010.15625,2269
10010.609375,2270
10011.234375,2271
10011.671875,2272
10012.34375,2273
10012.71875,2274
10013.375,2275
10013.8125,2276
10014.46875,2277
10015.515625,2278
10015.96875,2279
10016.578125,2280
10017.015625,2281
10017.609375,2282
10018.046875,2283
10018.625,2284
10019.609375,2285
10020.078125,2286
10020.609375,2287
10021.078125,2288
10021.625,2289
10022.0625,2290
10022.65625,2291
10023.09375,2292
10023.6875,2293
10024.125,2294
10024.796875,2295
10025.28125,2296
10025.859375,2297
10026.296875,2298
10027.03125,2299
10027.5,2300
10028.125,2301
10028.59375,2302
10029.359375,2303
10029.796875,2304
10030.5,2305
10030.9375,2306
10031.578125,2307
10031.96875,2308
10032.625,2309
10033.0625,2310
10033.625,2311
10034.0625,2312
10034.625,2313
10035.640625,2314
10036.734375,2315
10037.75,2316
10038.3125,2317
10038.84375,2318
10039.234375,2319
10039.859375,2320
10040.421875,2321
10040.921875,2322
10041.484375,2323
10043.546875,2324
10043.953125,2325
10045.0,2326
10045.578125,2327
10046.234375,2328
10047.484375,2329
10048.1875,2330
10048.40625,2331
10051.171875,2332
10051.96875,2333
10108.03125,2334
10341.40625,2335
10342.609375,2336
10438.4375,2337
10439.0625,2338
10439.6875,2339
10440.25,2340
10441.03125,2341
10442.828125,2342
10443.484375,2343
10444.84375,2344
10455.75,2345
10472.0,2346
10472.328125,2347
10475.90625,2348
10476.453125,2349
10476.984375,2350
10477.40625,2351
10478.15625,2352
10478.609375,2353
10481.953125,2354
10482.5625,2355
10483.40625,2356
10483.828125,2357
10484.640625,2358
10485.078125,2359
10485.828125,2360
10486.234375,2361
10486.90625,2362
10487.328125,2363
10487.984375,2364
10488.375,2365
10489.015625,2366
10489.46875,2367
10489.96875,2368
10490.609375,2369
10492.734375,2370
10493.25,2371
10493.84375,2372
10495.4375,2373
10496.515625,2374
10497.3125,2375
10497.734375,2376
10498.5625,2377
10499.578125,2378
10542.265625,2379
10558.25,2380
10558.875,2381
10559.734375,2382
10560.875,2383
10561.421875,2384
10694.578125,2385
10695.25,2386
10695.9375,2387
10696.59375,2388
10697.4375,2389
10697.8125,2390
10698.5,2391
10698.890625,2392
10699.46875,2393
10700.015625,2394
10700.578125,2395
10701.140625,2396
10701.78125,2397
10702.46875,2398
10703.84375,2399
10705.703125,2400
10706.171875,2401
10706.65625,2402
10707.125,2403
10707.65625,2404
10708.03125,2405
10708.671875,2406
10709.0625,2407
10709.78125,2408
10710.140625,2409
10710.828125,2410
10711.3125,2411
10711.875,2412
10712.3125,2413
10712.921875,2414
10713.328125,2415
10714.046875,2416
10714.421875,2417
10715.171875,2418
10715.625,2419
10716.125,2420
10716.5625,2421
10717.109375,2422
10717.5,2423
10718.078125,2424
10718.453125,2425
10719.078125,2426
10719.484375,2427
10720.109375,2428
10721.15625,2429
10721.515625,2430
10722.171875,2431
10722.546875,2432
10723.109375,2433
10723.5,2434
10724.203125,2435
10724.65625,2436
10725.40625,2437
10725.953125,2438
10726.671875,2439
10733.4375,2440
10733.75,2441
10734.421875,2442
10735.40625,2443
10736.546875,2444
10737.078125,2445
10737.8125,2446
10738.265625,2447
10738.953125,2448
10739.390625,2449
10740.734375,2450
10741.484375,2451
10741.921875,2452
10742.546875,2453
10743.0,2454
10743.6875,2455
10744.5625,2456
10745.59375,2457
10745.8125,2458
10746.953125,2459
10766.234375,2460
10766.609375,2461
10767.296875,2462
10767.6875,2463
10768.421875,2464
10768.9375,2465
10784.484375,2466
10784.921875,2467
10785.59375,2468
10785.984375,2469
10786.515625,2470
10786.9375,2471
10787.46875,2472
10787.90625,2473
10788.421875,2474
10788.859375,2475
10789.46875,2476
10790.453125,2477
10790.875,2478
10791.453125,2479
10792.015625,2480
10792.453125,2481
10792.96875,2482
10793.4375,2483
10793.828125,2484
10794.46875,2485
10794.953125,2486
10795.484375,2487
10795.90625,2488
10796.453125,2489
10796.90625,2490
10797.46875,2491
10797.921875,2492
10798.5,2493
10798.9375,2494
10799.5,2495
10799.890625,2496
10800.5625,2497
10800.9375,2498
10801.546875,2499
10802.015625,2500
10802.59375,2501
10803.65625,2502
10804.09375,2503
10804.703125,2504
10805.109375,2505
10805.78125,2506
10806.15625,2507
10806.828125,2508
10807.234375,2509
10807.8125,2510
10808.28125,2511
10808.78125,2512
10809.21875,2513
10809.796875,2514
10810.203125,2515
10810.8125,2516
10811.21875,2517
10811.796875,2518
10812.25,2519
10812.78125,2520
10813.171875,2521
10813.828125,2522
10814.265625,2523
10814.84375,2524
10815.203125,2525
10815.875,2526
10816.375,2527
10817.0,2528
10817.40625,2529
10817.984375,2530
10818.4375,2531
10819.015625,2532
10819.484375,2533
10820.0625,2534
10820.515625,2535
10821.15625,2536
10821.53125,2537
10822.203125,2538
10822.5625,2539
10823.1875,2540
10823.59375,2541
10824.234375,2542
10824.625,2543
10825.25,2544
10825.765625,2545
10826.296875,2546
10826.671875,2547
10827.3125,2548
10827.671875,2549
10828.34375,2550
10828.78125,2551
10829.34375,2552
10829.6875,2553
10830.359375,2554
10830.71875,2555
10831.390625,2556
10831.765625,2557
10832.421875,2558
10832.828125,2559
10833.46875,2560
10833.859375,2561
10834.5,2562
10834.875,2563
10835.5,2564
10835.984375,2565
10836.46875,2566
10836.828125,2567
10837.4375,2568
10837.890625,2569
10838.421875,2570
10838.78125,2571
10839.421875,2572
10839.90625,2573
10840.4375,2574
10840.796875,2575
10841.4375,2576
10841.875,2577
10842.4375,2578
10842.828125,2579
10843.5,2580
10843.984375,2581
10844.546875,2582
10845.03125,2583
10845.578125,2584
10846.09375,2585
10846.625,2586
10846.984375,2587
10847.625,2588
10847.953125,2589
10851.625,2590
10853.609375,2591
10855.203125,2592
10856.0,2593
10856.609375,2594
10857.359375,2595
10857.984375,2596
10859.921875,2597
10860.359375,2598
10860.703125,2599
10956.125,2600
10956.875,2601
10957.28125,2602
10957.796875,2603
10958.15625,2604
10958.390625,2605
10958.734375,2606
10959.03125,2607
10959.375,2608
10959.71875,2609
10960.1875,2610
10960.546875,2611
10961.015625,2612
10961.34375,2613
10961.875,2614
10962.25,2615
10962.734375,2616
10963.109375,2617
10963.5625,2618
10964.0,2619
10964.4375,2620
10964.828125,2621
10965.234375,2622
10965.546875,2623
10966.296875,2624
10966.71875,2625
10967.21875,2626
10967.625,2627
10968.125,2628
10968.484375,2629
10969.015625,2630
10969.375,2631
10969.90625,2632
10970.328125,2633
10970.8125,2634
10971.21875,2635
10971.71875,2636
10972.125,2637
10972.671875,2638
10973.15625,2639
10973.640625,2640
10974.171875,2641
10974.609375,2642
10975.0625,2643
10975.53125,2644
10976.6875,2645
10977.09375,2646
10980.375,2647
11615.953125,2648
11671.375,2649
11704.640625,2650
11792.953125,2651
11793.34375,2652
12062.359375,2653
12066.078125,2654
12066.546875,2655
12067.03125,2656
12067.546875,2657
12067.984375,2658
12068.40625,2659
12068.921875,2660
12069.296875,2661
12069.828125,2662
12070.296875,2663
12070.796875,2664
12071.171875,2665
12071.765625,2666
12072.234375,2667
12072.734375,2668
12073.8125,2669
12074.25,2670
12076.015625,2671
12076.359375,2672
12078.265625,2673
12078.75,2674
12079.265625,2675
12080.25,2676
12080.8125,2677
12091.671875,2678
12092.109375,2679
12092.734375,2680
12093.859375,2681
12112.53125,2682
12113.5625,2683
12143.734375,2684
12144.171875,2685
12144.734375,2686
12145.15625,2687
12162.703125,2688
12163.640625,2689
12164.0625,2690
12164.625,2691
12165.03125,2692
12165.515625,2693
12165.921875,2694
12166.453125,2695
12166.875,2696
12167.359375,2697
12167.84375,2698
12168.390625,2699
12168.828125,2700
12169.328125,2701
12169.75,2702
12170.25,2703
12170.703125,2704
12171.203125,2705
12171.609375,2706
12172.109375,2707
12172.53125,2708
12172.984375,2709
12173.421875,2710
12173.875,2711
12174.28125,2712
12174.796875,2713
12175.15625,2714
12175.671875,2715
12176.078125,2716
12176.578125,2717
12176.96875,2718
12177.46875,2719
12177.890625,2720
12178.390625,2721
12178.796875,2722
12179.3125,2723
12179.71875,2724
12180.234375,2725
12180.625,2726
12181.125,2727
12181.53125,2728
12182.03125,2729
12182.453125,2730
12182.96875,2731
12183.359375,2732
12183.875,2733
12184.296875,2734
12184.8125,2735
12185.21875,2736
12185.734375,2737
12186.15625,2738
12186.671875,2739
12187.09375,2740
12187.578125,2741
12187.984375,2742
12188.484375,2743
12188.90625,2744
12189.421875,2745
12189.796875,2746
12190.34375,2747
12190.765625,2748
12191.265625,2749
12191.671875,2750
12192.1875,2751
12192.625,2752
12193.140625,2753
12193.53125,2754
12194.0625,2755
12194.46875,2756
12194.984375,2757
12195.375,2758
12195.875,2759
12196.28125,2760
12196.796875,2761
12197.203125,2762
12197.75,2763
12198.171875,2764
12198.65625,2765
12199.09375,2766
12199.609375,2767
12200.015625,2768
12200.53125,2769
12200.96875,2770
12201.515625,2771
12201.875,2772
12202.453125,2773
12202.921875,2774
12203.390625,2775
12203.84375,2776
12204.34375,2777
12204.8125,2778
12205.34375,2779
12205.8125,2780
12206.328125,2781
12206.734375,2782
12207.265625,2783
12207.6875,2784
12208.234375,2785
12208.65625,2786
12209.28125,2787
12209.703125,2788
12220.203125,2789
12220.671875,2790
12224.953125,2791
12225.65625,2792
12249.765625,2793
12250.171875,2794
12250.828125,2795
12251.25,2796
12251.828125,2797
12252.328125,2798
12252.90625,2799
12253.34375,2800
12253.9375,2801
12254.359375,2802
12254.921875,2803
12255.34375,2804
12255.90625,2805
12256.421875,2806
12256.90625,2807
12257.359375,2808
12257.921875,2809
12258.328125,2810
12258.90625,2811
12259.34375,2812
12259.875,2813
12260.296875,2814
12260.84375,2815
12261.265625,2816
12261.84375,2817
12262.328125,2818
12262.84375,2819
12263.265625,2820
12263.828125,2821
12264.25,2822
12264.765625,2823
12265.140625,2824
12265.796875,2825
12266.25,2826
12266.890625,2827
12267.265625,2828
12267.96875,2829
12269.015625,2830
12270.015625,2831
12270.4375,2832
12271.0,2833
12272.046875,2834
12273.078125,2835
12273.46875,2836
12274.078125,2837
12274.5,2838
12275.09375,2839
12276.21875,2840
12279.484375,2841
12280.6875,2842
12281.328125,2843
12282.125,2844
12294.71875,2845
12301.921875,2846
12303.140625,2847
12303.578125,2848
12304.078125,2849
12304.5,2850
12304.984375,2851
12305.40625,2852
12305.90625,2853
12306.28125,2854
12306.828125,2855
12307.1875,2856
12307.78125,2857
12308.1875,2858
12308.6875,2859
12309.0625,2860
12309.671875,2861
12310.859375,2862
12311.484375,2863
12312.046875,2864
12312.625,2865
12313.265625,2866
12313.703125,2867
12314.265625,2868
12314.75,2869
12315.546875,2870
12315.953125,2871
12316.65625,2872
12317.0625,2873
12317.78125,2874
12318.21875,2875
12318.84375,2876
12319.203125,2877
12319.9375,2878
12321.046875,2879
12321.453125,2880
12322.703125,2881
12326.9375,2882
12327.5625,2883
12328.1875,2884
12328.65625,2885
12329.265625,2886
12329.734375,2887
12330.234375,2888
12330.6875,2889
12331.171875,2890
12331.609375,2891
12332.125,2892
12332.546875,2893
12333.078125,2894
12333.484375,2895
12334.015625,2896
12334.375,2897
12334.953125,2898
12335.390625,2899
12335.90625,2900
12336.296875,2901
12336.828125,2902
12337.1875,2903
12337.78125,2904
12338.21875,2905
12338.71875,2906
12339.078125,2907
12339.625,2908
12340.078125,2909
12340.5625,2910
12340.96875,2911
12341.515625,2912
12341.9375,2913
12342.515625,2914
12342.921875,2915
12343.4375,2916
12343.921875,2917
12344.40625,2918
12344.78125,2919
12345.34375,2920
12345.78125,2921
12346.28125,2922
12348.3125,2923
12349.015625,2924
12350.234375,2925
12353.5,2926
12354.1875,2927
12360.015625,2928
12360.5625,2929
12361.28125,2930
12361.734375,2931
12362.34375,2932
12362.703125,2933
12367.296875,2934
12388.140625,2935
12388.71875,2936
12389.375,2937
12389.796875,2938
12390.34375,2939
12390.765625,2940
12391.296875,2941
12391.703125,2942
12392.28125,2943
12392.6875,2944
12393.21875,2945
12393.625,2946
12394.25,2947
12394.640625,2948
12395.375,2949
12396.640625,2950
12397.28125,2951
12397.9375,2952
12398.59375,2953
12399.234375,2954
12399.703125,2955
12400.359375,2956
12400.734375,2957
12401.34375,2958
12401.703125,2959
12402.296875,2960
12402.78125,2961
12403.3125,2962
12403.671875,2963
12404.3125,2964
12404.78125,2965
12405.296875,2966
12405.75,2967
12406.25,2968
12406.734375,2969
12407.234375,2970
12407.671875,2971
12408.265625,2972
12408.578125,2973
12409.203125,2974
12409.546875,2975
12410.1875,2976
12410.5625,2977
12411.171875,2978
12411.578125,2979
12412.125,2980
12412.53125,2981
12413.078125,2982
12413.515625,2983
12414.0625,2984
12414.453125,2985
12415.015625,2986
12415.421875,2987
12416.015625,2988
12416.34375,2989
12416.984375,2990
12417.3125,2991
12417.96875,2992
12418.375,2993
12418.9375,2994
12419.3125,2995
12420.0,2996
12420.40625,2997
12420.984375,2998
12421.421875,2999
12422.0,3000
12422.5,3001
12423.0625,3002
12423.421875,3003
12424.078125,3004
12424.46875,3005
12425.03125,3006
12426.0625,3007
12426.484375,3008
12427.0625,3009
12427.546875,3010
12428.078125,3011
12428.453125,3012
12429.09375,3013
12429.515625,3014
12430.109375,3015
12430.5625,3016
12431.171875,3017
12431.609375,3018
12432.203125,3019
12433.203125,3020
12433.640625,3021
12434.25,3022
12434.671875,3023
12435.3125,3024
12435.71875,3025
12436.296875,3026
12436.734375,3027
12437.328125,3028
12438.3125,3029
12438.734375,3030
12439.3125,3031
12439.671875,3032
12440.359375,3033
12440.75,3034
12441.359375,3035
12441.71875,3036
12442.359375,3037
12442.75,3038
12443.359375,3039
12443.78125,3040
12444.375,3041
12444.828125,3042
12445.390625,3043
12446.390625,3044
12446.859375,3045
12447.4375,3046
12447.859375,3047
12448.484375,3048
12448.890625,3049
12449.53125,3050
12449.96875,3051
12450.5625,3052
12450.96875,3053
12451.578125,3054
12452.015625,3055
12452.609375,3056
12453.078125,3057
12453.703125,3058
12454.109375,3059
12454.734375,3060
12455.15625,3061
12455.734375,3062
12456.046875,3063
12456.734375,3064
12457.125,3065
12457.734375,3066
12458.21875,3067
12458.765625,3068
12459.125,3069
12459.734375,3070
12460.203125,3071
12460.78125,3072
12461.25,3073
12461.796875,3074
12462.203125,3075
12462.796875,3076
12463.21875,3077
12463.78125,3078
12464.21875,3079
12464.8125,3080
12465.25,3081
12465.78125,3082
12466.21875,3083
12466.796875,3084
12467.25,3085
12467.8125,3086
12468.265625,3087
12468.796875,3088
12469.25,3089
12469.828125,3090
12470.296875,3091
12470.84375,3092
12471.265625,3093
12471.84375,3094
12472.296875,3095
12472.84375,3096
12473.21875,3097
12473.859375,3098
12474.25,3099
12474.9375,3100
12475.328125,3101
12475.890625,3102
12476.375,3103
12476.921875,3104
12477.34375,3105
12477.921875,3106
12478.390625,3107
12478.9375,3108
12479.359375,3109
12479.9375,3110
12480.359375,3111
12480.90625,3112
12481.375,3113
12481.984375,3114
12482.375,3115
12483.03125,3116
12483.5,3117
12484.0625,3118
12484.421875,3119
12485.125,3120
12485.5625,3121
12486.1875,3122
12486.625,3123
12487.203125,3124
12487.640625,3125
12488.234375,3126
12488.78125,3127
12489.234375,3128
12489.671875,3129
12490.140625,3130
12490.5,3131
12491.078125,3132
12491.546875,3133
12492.03125,3134
12492.46875,3135
12493.03125,3136
12493.40625,3137
12494.046875,3138
12494.453125,3139
12494.984375,3140
12495.3125,3141
12495.9375,3142
12496.28125,3143
12496.796875,3144
12497.390625,3145
12497.984375,3146
12498.578125,3147
12499.046875,3148
12499.5,3149
12500.171875,3150
12500.53125,3151
12501.171875,3152
12501.59375,3153
12502.15625,3154
12502.640625,3155
12503.171875,3156
12503.609375,3157
12504.15625,3158
12504.515625,3159
12505.140625,3160
12505.5625,3161
12506.140625,3162
12506.5625,3163
12507.125,3164
12507.578125,3165
12508.109375,3166
12508.578125,3167
12509.09375,3168
12509.515625,3169
12510.125,3170
12510.546875,3171
12511.109375,3172
12511.546875,3173
12512.09375,3174
12512.5625,3175
12513.09375,3176
12513.53125,3177
12514.140625,3178
12514.578125,3179
12515.125,3180
12515.625,3181
12516.1875,3182
12516.5625,3183
12517.171875,3184
12517.625,3185
12518.171875,3186
12518.671875,3187
12519.203125,3188
12519.625,3189
12520.21875,3190
12520.65625,3191
12521.203125,3192
12521.6875,3193
12522.21875,3194
12522.640625,3195
12523.28125,3196
12523.703125,3197
12524.28125,3198
12524.734375,3199
12525.28125,3200
12525.78125,3201
12526.328125,3202
12526.734375,3203
12527.296875,3204
12527.8125,3205
12528.3125,3206
12528.75,3207
12529.296875,3208
12529.671875,3209
12530.3125,3210
12530.75,3211
12531.3125,3212
12531.78125,3213
12532.3125,3214
12532.734375,3215
12533.3125,3216
12533.6875,3217
12534.359375,3218
12534.828125,3219
12535.453125,3220
12535.875,3221
12536.484375,3222
12536.90625,3223
12537.5,3224
12537.9375,3225
12538.5,3226
12538.9375,3227
12539.546875,3228
12539.890625,3229
12540.53125,3230
12540.875,3231
12541.546875,3232
12542.0625,3233
12542.546875,3234
12542.953125,3235
12543.5625,3236
12544.078125,3237
12544.578125,3238
12545.046875,3239
12545.640625,3240
12546.09375,3241
12546.703125,3242
12547.703125,3243
12548.140625,3244
12548.71875,3245
12549.125,3246
12549.703125,3247
12550.203125,3248
12550.765625,3249
12551.15625,3250
12551.765625,3251
12552.1875,3252
12552.734375,3253
12553.1875,3254
12553.8125,3255
12554.140625,3256
12554.765625,3257
12555.25,3258
12555.796875,3259
12556.25,3260
12556.890625,3261
12557.3125,3262
12557.953125,3263
12558.34375,3264
12558.984375,3265
12559.421875,3266
12560.046875,3267
12560.453125,3268
12561.03125,3269
12561.390625,3270
12562.0625,3271
12562.40625,3272
12563.15625,3273
12563.5,3274
12564.171875,3275
12564.59375,3276
12565.25,3277
12565.65625,3278
12566.265625,3279
12566.6875,3280
12567.25,3281
12567.671875,3282
12568.25,3283
12568.5625,3284
12569.234375,3285
12569.65625,3286
12570.203125,3287
12570.625,3288
12571.15625,3289
12571.5625,3290
12572.125,3291
12572.484375,3292
12573.109375,3293
12573.46875,3294
12574.09375,3295
12574.546875,3296
12575.078125,3297
12575.515625,3298
12576.046875,3299
12576.4375,3300
12577.078125,3301
12577.5,3302
12578.15625,3303
12578.546875,3304
12579.171875,3305
12579.578125,3306
12580.171875,3307
12580.5625,3308
12581.15625,3309
12581.59375,3310
12582.140625,3311
12582.5625,3312
12583.171875,3313
12583.578125,3314
12584.140625,3315
12584.5625,3316
12585.140625,3317
12585.578125,3318
12586.140625,3319
12586.5625,3320
12587.140625,3321
12587.46875,3322
12588.140625,3323
12588.546875,3324
12589.109375,3325
12589.578125,3326
12590.125,3327
12590.546875,3328
12591.109375,3329
12591.484375,3330
12592.09375,3331
12592.546875,3332
12593.09375,3333
12593.515625,3334
12594.078125,3335
12594.4375,3336
12595.109375,3337
12595.515625,3338
12596.078125,3339
12596.515625,3340
12597.09375,3341
12597.546875,3342
12598.078125,3343
12598.53125,3344
12599.09375,3345
12599.5,3346
12600.09375,3347
12600.515625,3348
12601.078125,3349
12601.53125,3350
12602.078125,3351
12602.484375,3352
12603.109375,3353
12603.53125,3354
12604.078125,3355
12604.5625,3356
12605.125,3357
12605.53125,3358
12606.046875,3359
12606.515625,3360
12607.109375,3361
12607.53125,3362
12608.09375,3363
12608.484375,3364
12609.0625,3365
12609.421875,3366
12610.046875,3367
12610.40625,3368
12611.03125,3369
12611.453125,3370
12612.046875,3371
12612.390625,3372
12613.015625,3373
12613.453125,3374
12614.015625,3375
12614.421875,3376
12615.046875,3377
12615.453125,3378
12616.0625,3379
12616.53125,3380
12617.109375,3381
12617.4375,3382
12618.125,3383
12618.46875,3384
12619.09375,3385
12630.28125,3386
12630.640625,3387
12631.25,3388
12631.578125,3389
12632.140625,3390
12632.546875,3391
12633.078125,3392
12633.46875,3393
12634.03125,3394
12634.421875,3395
12634.921875,3396
12635.34375,3397
12635.859375,3398
12636.265625,3399
12636.78125,3400
12637.109375,3401
12637.71875,3402
12638.109375,3403
12638.640625,3404
12639.078125,3405
12639.578125,3406
12639.953125,3407
12640.546875,3408
12640.890625,3409
12641.515625,3410
12641.90625,3411
12642.46875,3412
12642.828125,3413
12643.453125,3414
12643.875,3415
12644.359375,3416
12644.78125,3417
12645.375,3418
12645.765625,3419
12646.390625,3420
12646.859375,3421
12647.421875,3422
12647.8125,3423
12648.421875,3424
12648.875,3425
12649.421875,3426
12649.8125,3427
12650.421875,3428
12650.828125,3429
12651.40625,3430
12651.8125,3431
12652.421875,3432
12652.859375,3433
12653.40625,3434
12653.8125,3435
12654.375,3436
12654.78125,3437
12655.3125,3438
12655.75,3439
12656.328125,3440
12656.671875,3441
12657.34375,3442
12657.71875,3443
12658.34375,3444
12658.796875,3445
12659.34375,3446
12659.796875,3447
12660.359375,3448
12660.78125,3449
12661.34375,3450
12661.703125,3451
12662.375,3452
12662.765625,3453
12663.390625,3454
12663.84375,3455
12664.390625,3456
12664.875,3457
12665.390625,3458
12665.859375,3459
12666.40625,3460
12666.796875,3461
12667.375,3462
12667.765625,3463
12668.328125,3464
12668.765625,3465
12669.3125,3466
12669.765625,3467
12670.265625,3468
12670.625,3469
12671.21875,3470
12671.59375,3471
12672.15625,3472
12672.625,3473
12673.15625,3474
12673.578125,3475
12674.125,3476
12674.5625,3477
12675.09375,3478
12675.515625,3479
12676.078125,3480
12676.484375,3481
12677.0625,3482
12677.453125,3483
12678.046875,3484
12678.484375,3485
12679.015625,3486
12679.46875,3487
12680.0,3488
12680.34375,3489
12680.5625,3490
12680.96875,3491
12681.3125,3492
12681.9375,3493
12682.421875,3494
12682.953125,3495
12683.3125,3496
12684.0,3497
12684.359375,3498
12685.0,3499
12685.46875,3500
12686.015625,3501
12686.375,3502
12686.984375,3503
12687.328125,3504
12687.546875,3505
12687.96875,3506
12688.328125,3507
12688.96875,3508
12689.328125,3509
12689.96875,3510
12690.421875,3511
12690.984375,3512
12691.453125,3513
12691.984375,3514
12692.421875,3515
12692.984375,3516
12693.34375,3517
12694.0,3518
12694.421875,3519
12694.984375,3520
12695.359375,3521
12696.0,3522
12696.453125,3523
12697.015625,3524
12697.46875,3525
12698.0,3526
12698.359375,3527
12699.015625,3528
12699.46875,3529
12700.015625,3530
12700.421875,3531
12700.984375,3532
12701.34375,3533
12702.0,3534
12702.3125,3535
12703.0,3536
12703.484375,3537
12704.015625,3538
12704.453125,3539
12705.015625,3540
12705.484375,3541
12706.015625,3542
12706.453125,3543
12707.015625,3544
12707.4375,3545
12708.0,3546
12708.40625,3547
12709.015625,3548
12709.375,3549
12710.046875,3550
12710.4375,3551
12711.03125,3552
12711.5,3553
12712.046875,3554
12712.53125,3555
12713.0625,3556
12713.4375,3557
12714.125,3558
12714.46875,3559
12715.171875,3560
12715.515625,3561
12716.203125,3562
12716.609375,3563
12717.171875,3564
12717.5,3565
12718.203125,3566
12718.609375,3567
12719.21875,3568
12719.578125,3569
12720.21875,3570
12720.703125,3571
12721.234375,3572
12721.625,3573
12722.234375,3574
12722.6875,3575
12723.25,3576
12723.765625,3577
12724.265625,3578
12724.6875,3579
12725.234375,3580
12725.6875,3581
12726.234375,3582
12726.71875,3583
12727.28125,3584
12727.765625,3585
12728.265625,3586
12728.6875,3587
12729.28125,3588
12729.609375,3589
12730.296875,3590
12730.6875,3591
12731.28125,3592
12731.640625,3593
12732.296875,3594
12732.703125,3595
12733.3125,3596
12733.765625,3597
12734.28125,3598
12734.71875,3599
12735.265625,3600
12735.796875,3601
12736.296875,3602
12736.8125,3603
12737.3125,3604
12737.734375,3605
12738.3125,3606
12738.703125,3607
12739.3125,3608
12739.734375,3609
12740.328125,3610
12740.671875,3611
12741.296875,3612
12741.75,3613
12742.328125,3614
12742.703125,3615
12743.34375,3616
12743.734375,3617
12744.3125,3618
12744.6875,3619
12745.359375,3620
12745.75,3621
12746.34375,3622
12746.796875,3623
12747.390625,3624
12747.875,3625
12748.390625,3626
12748.859375,3627
12749.421875,3628
12749.8125,3629
12750.5,3630
12750.84375,3631
12751.515625,3632
12751.921875,3633
12752.546875,3634
12752.953125,3635
12753.609375,3636
12753.984375,3637
12754.625,3638
12755.046875,3639
12755.671875,3640
12756.078125,3641
12756.671875,3642
12757.109375,3643
12757.671875,3644
12758.078125,3645
12758.71875,3646
12759.125,3647
12759.734375,3648
12760.171875,3649
12760.734375,3650
12761.109375,3651
12761.78125,3652
12762.28125,3653
12762.8125,3654
12763.21875,3655
12763.828125,3656
12764.25,3657
12764.8125,3658
12765.234375,3659
12765.84375,3660
12766.25,3661
12766.84375,3662
12767.296875,3663
12767.859375,3664
12768.21875,3665
12768.890625,3666
12769.25,3667
12769.921875,3668
12770.34375,3669
12770.96875,3670
12771.359375,3671
12771.984375,3672
12773.015625,3673
12774.046875,3674
12774.515625,3675
12775.109375,3676
12775.546875,3677
12776.140625,3678
12776.578125,3679
12777.203125,3680
12777.625,3681
12778.21875,3682
12778.65625,3683
12779.28125,3684
12779.6875,3685
12780.265625,3686
12780.71875,3687
12781.296875,3688
12781.71875,3689
12782.3125,3690
12782.796875,3691
12783.296875,3692
12783.734375,3693
12784.375,3694
12784.84375,3695
12785.390625,3696
12785.796875,3697
12786.40625,3698
12786.828125,3699
12787.390625,3700
12787.765625,3701
12788.390625,3702
12788.859375,3703
12789.4375,3704
12789.75,3705
12790.46875,3706
12790.8125,3707
12791.53125,3708
12791.921875,3709
12793.75,3710
12794.515625,3711
12795.234375,3712
12796.1875,3713
12801.390625,3714
12804.453125,3715
12805.296875,3716
12805.703125,3717
12806.34375,3718
12806.78125,3719
12807.265625,3720
12807.671875,3721
12808.125,3722
12808.53125,3723
12808.953125,3724
12809.453125,3725
12809.875,3726
12810.953125,3727
12812.421875,3728
12812.9375,3729
12813.34375,3730
12813.859375,3731
12814.28125,3732
12814.796875,3733
12815.25,3734
12815.765625,3735
12816.203125,3736
12816.765625,3737
12817.125,3738
12817.734375,3739
12818.125,3740
12818.703125,3741
12819.15625,3742
12819.609375,3743
12820.109375,3744
12820.671875,3745
12821.0625,3746
12821.671875,3747
12822.15625,3748
12822.640625,3749
12823.109375,3750
12823.65625,3751
12824.0625,3752
12824.640625,3753
12825.09375,3754
12825.640625,3755
12826.265625,3756
12826.703125,3757
12827.25,3758
12827.796875,3759
12828.3125,3760
12828.65625,3761
12829.09375,3762
12829.515625,3763
12829.984375,3764
12830.3125,3765
12830.65625,3766
12831.15625,3767
12831.890625,3768
12832.25,3769
12832.796875,3770
12833.3125,3771
12833.9375,3772
12834.296875,3773
12834.96875,3774
12835.359375,3775
12835.953125,3776
12836.953125,3777
12837.359375,3778
12837.9375,3779
12838.390625,3780
12838.890625,3781
12839.328125,3782
12839.828125,3783
12840.28125,3784
12840.8125,3785
12841.203125,3786
12841.734375,3787
12842.140625,3788
12842.671875,3789
12843.03125,3790
12843.59375,3791
12843.984375,3792
12844.5,3793
12844.84375,3794
12845.4375,3795
12845.828125,3796
12846.34375,3797
12846.6875,3798
12847.296875,3799
12847.671875,3800
12848.234375,3801
12848.640625,3802
12849.15625,3803
12849.5,3804
12850.109375,3805
12850.453125,3806
12851.078125,3807
12851.46875,3808
12852.015625,3809
12852.40625,3810
12852.984375,3811
12853.34375,3812
12853.921875,3813
12854.34375,3814
12854.90625,3815
12855.25,3816
12855.875,3817
12856.21875,3818
12856.875,3819
12857.203125,3820
12857.78125,3821
12858.203125,3822
12858.734375,3823
12859.109375,3824
12859.65625,3825
12860.015625,3826
12860.609375,3827
12860.9375,3828
12861.578125,3829
12862.046875,3830
12862.546875,3831
12862.953125,3832
12863.515625,3833
12863.84375,3834
12864.515625,3835
12864.921875,3836
12865.484375,3837
12866.46875,3838
12866.890625,3839
12867.46875,3840
12867.875,3841
12868.46875,3842
12869.515625,3843
12869.859375,3844
12870.53125,3845
12870.9375,3846
12871.546875,3847
12871.96875,3848
12872.5625,3849
12873.015625,3850
12873.578125,3851
12873.921875,3852
12874.609375,3853
12875.015625,3854
12875.609375,3855
12875.953125,3856
12876.609375,3857
12877.046875,3858
12877.640625,3859
12878.09375,3860
12878.640625,3861
12879.09375,3862
12879.671875,3863
12880.6875,3864
12881.078125,3865
12881.703125,3866
12882.125,3867
12882.75,3868
12883.171875,3869
12883.8125,3870
12884.1875,3871
12884.84375,3872
12885.234375,3873
12885.859375,3874
12886.28125,3875
12886.890625,3876
12887.3125,3877
12895.046875,3878
12895.640625,3879
12896.484375,3880
12896.828125,3881
12932.515625,3882
12935.96875,3883
13528.28125,3884
13812.484375,3885
13820.359375,3886
13823.484375,3887
13826.09375,3888
13828.6875,3889
13829.515625,3890
13864.796875,3891
14156.25,3892
14165.59375,3893
14169.203125,3894
15239.296875,3895
15258.65625,3896
15261.5625,3897
15265.546875,3898
15272.421875,3899
15279.15625,3900
15279.53125,3901
15280.25,3902
15280.671875,3903
15281.234375,3904
15281.75,3905
15284.75,3906
15286.1875,3907
15286.625,3908
15287.296875,3909
15289.53125,3910
15289.921875,3911
15290.59375,3912
15291.078125,3913
15291.640625,3914
15292.109375,3915
15292.65625,3916
15293.171875,3917
15293.765625,3918
15294.28125,3919
15294.8125,3920
15298.546875,3921
15310.03125,3922
15311.1875,3923
18031.03125,3924
18034.703125,3925
18035.34375,3926
18035.90625,3927
18036.515625,3928
18037.09375,3929
18037.6875,3930
18038.125,3931
18038.640625,3932
18039.21875,3933
18039.8125,3934
18040.859375,3935
18041.875,3936
18042.328125,3937
18042.890625,3938
18043.328125,3939
18043.90625,3940
18044.921875,3941
18045.375,3942
18045.9375,3943
18046.375,3944
18046.90625,3945
18047.34375,3946
18047.90625,3947
18048.390625,3948
18048.90625,3949
18049.328125,3950
18049.9375,3951
18050.375,3952
18050.9375,3953
18051.328125,3954
18051.890625,3955
18074.3125,3956
18119.28125,3957
18278.3125,3958
18278.90625,3959
18279.375,3960
18279.875,3961
18280.25,3962
18280.765625,3963
18281.21875,3964
18281.625,3965
18282.28125,3966
18282.875,3967
18284.328125,3968
18284.90625,3969
18285.53125,3970
18286.125,3971
18286.578125,3972
18286.984375,3973
18287.59375,3974
18288.046875,3975
18288.625,3976
18298.3125,3977
18631.421875,3978
18632.0625,3979
18633.0625,3980
18634.3125,3981
18634.84375,3982
18635.484375,3983
18635.984375,3984
18636.515625,3985
18636.984375,3986
18637.625,3987
18638.109375,3988
18638.78125,3989
18639.28125,3990
18639.71875,3991
18640.1875,3992
18640.78125,3993
18641.265625,3994
18641.796875,3995
18642.296875,3996
18642.859375,3997
18643.296875,3998
18643.921875,3999
18644.390625,4000
18644.890625,4001
18645.390625,4002
18645.921875,4003
18646.40625,4004
18646.921875,4005
18647.421875,4006
18647.953125,4007
18648.40625,4008
18649.0,4009
18649.4375,4010
18649.953125,4011
18650.34375,4012
18650.953125,4013
18651.453125,4014
18651.96875,4015
18652.40625,4016
18652.96875,4017
18653.453125,4018
18653.96875,4019
18654.375,4020
18654.96875,4021
18655.421875,4022
18655.96875,4023
18656.453125,4024
18657.0,4025
18657.4375,4026
18658.015625,4027
18658.5,4028
18658.984375,4029
18660.1875,4030
18660.75,4031
18683.109375,4032
18683.828125,4033
18684.390625,4034
18685.59375,4035
18686.1875,4036
18687.390625,4037
18687.984375,4038
18709.609375,4039
18713.203125,4040
19006.53125,4041
19253.6875,4042
19625.328125,4043
19627.5,4044
19853.4375,4045
20236.640625,4046
20284.421875,4047
20300.390625,4048
20309.3125,4049
20399.5,4050
20542.8125,4051
20813.296875,4052
20813.59375,4053
21701.5,4054
21735.578125,4055
21736.71875,4056
21842.109375,4057
22182.984375,4058
22217.515625,4059
22218.171875,4060
22218.59375,4061
22219.140625,4062
22219.515625,4063
22220.171875,4064
22220.578125,4065
22221.109375,4066
22223.984375,4067
22224.4375,4068
22224.984375,4069
22225.359375,4070
22225.921875,4071
22226.34375,4072
22226.84375,4073
22227.21875,4074
22227.796875,4075
22228.1875,4076
22228.703125,4077
22229.15625,4078
22229.65625,4079
22230.078125,4080
22230.609375,4081
22231.015625,4082
22231.53125,4083
22231.953125,4084
22232.453125,4085
22232.84375,4086
22233.34375,4087
22233.6875,4088
22234.296875,4089
22234.75,4090
22235.25,4091
22235.71875,4092
22236.21875,4093
22246.09375,4094
22246.625,4095
22247.34375,4096
22247.984375,4097
22249.484375,4098
22250.40625,4099
22250.9375,4100
22251.234375,4101
22251.71875,4102
22252.171875,4103
22252.609375,4104
22253.078125,4105
22253.5625,4106
22254.015625,4107
22254.453125,4108
22255.0,4109
22255.4375,4110
22255.96875,4111
22256.359375,4112
22259.78125,4113
22364.859375,4114
22365.921875,4115
22368.96875,4116
22370.25,4117
22370.90625,4118
22371.375,4119
22372.0,4120
22372.4375,4121
22372.96875,4122
22373.46875,4123
22373.953125,4124
22374.375,4125
22375.3125,4126
22379.03125,4127
22379.5,4128
22382.1875,4129
22403.296875,4130
22531.53125,4131
22757.984375,4132
22758.6875,4133
22779.5,4134
22781.03125,4135
22782.84375,4136
22783.5,4137
22978.65625,4138
22988.921875,4139
22995.296875,4140
22995.734375,4141
22999.359375,4142
23000.875,4143
23002.8125,4144
23003.15625,4145
23095.734375,4146
23108.046875,4147
23357.96875,4148
23462.859375,4149
23489.78125,4150
23587.9375,4151
23783.40625,4152
24067.5625,4153
24258.890625,4154
24259.421875,4155
24263.84375,4156
24264.15625,4157
24273.703125,4158
24312.125,4159
24320.78125,4160
24326.8125,4161
24328.109375,4162
24399.859375,4163
24400.859375,4164
24403.0625,4165
24449.46875,4166
24450.421875,4167
24450.84375,4168
24451.109375,4169
24471.46875,4170
24472.3125,4171
24499.21875,4172
24542.25,4173
24543.359375,4174
24561.484375,4175
24562.34375,4176
24604.296875,4177
24605.015625,4178
24647.9375,4179
24648.203125,4180
24652.84375,4181
24653.375,4182
24665.4375,4183
24666.296875,4184
24669.90625,4185
24691.515625,4186
24724.765625,4187
24732.03125,4188
24738.625,4189
24775.640625,4190
24776.015625,4191
24776.875,4192
24777.21875,4193
24778.171875,4194
24779.1875,4195
24818.84375,4196
24819.859375,4197
24820.453125,4198
24833.09375,4199
24833.703125,4200
24835.421875,4201
24837.296875,4202
24861.671875,4203
25041.109375,4204
25243.734375,4205
25250.890625,4206
25365.203125,4207
26456.671875,4208
27003.5625,4209
27378.96875,4210
27503.828125,4211
27504.234375,4212
27634.703125,4213
28144.765625,4214
28146.90625,4215
28147.234375,4216
29229.703125,4217
29238.671875,4218
29242.359375,4219
29695.765625,4220
30139.203125,4221
30145.109375,4222
30146.484375,4223
30150.71875,4224
30191.140625,4225
30194.21875,4226
30194.625,4227
30195.0625,4228
30196.171875,4229
30201.671875,4230
30202.265625,4231
30202.78125,4232
30208.0625,4233
30208.5625,4234
30210.59375,4235
30211.421875,4236
30213.203125,4237
30214.6875,4238
30215.125,4239
30215.578125,4240
30216.265625,4241
30216.84375,4242
30217.296875,4243
30217.765625,4244
30226.90625,4245
30227.609375,4246
30228.140625,4247
30228.859375,4248
30229.375,4249
30229.890625,4250
30230.25,4251
30231.515625,4252
30231.96875,4253
30232.40625,4254
30233.5,4255
30233.984375,4256
30234.5625,4257
30235.0,4258
30235.546875,4259
30235.875,4260
30242.734375,4261
30243.046875,4262
30253.03125,4263
30253.90625,4264
30256.53125,4265
30261.421875,4266
30262.0,4267
30262.71875,4268
30263.234375,4269
30263.75,4270
30264.21875,4271
30264.734375,4272
30265.1875,4273
30265.71875,4274
30266.125,4275
30266.625,4276
30266.984375,4277
30267.515625,4278
30267.921875,4279
30268.40625,4280
30268.796875,4281
30269.28125,4282
30269.671875,4283
30270.1875,4284
30270.5625,4285
30271.0625,4286
30271.484375,4287
30271.953125,4288
30272.375,4289
30272.78125,4290
30273.25,4291
30273.6875,4292
30274.03125,4293
30274.28125,4294
30274.609375,4295
30274.96875,4296
30275.34375,4297
30275.6875,4298
30276.015625,4299
30276.390625,4300
30285.671875,4301
30291.9375,4302
30294.90625,4303
30310.828125,4304
30319.328125,4305
30367.59375,4306
30369.078125,4307
30379.359375,4308
30387.890625,4309
30397.984375,4310
30398.46875,4311
30399.0625,4312
30401.625,4313
30402.9375,4314
30403.359375,4315
30403.859375,4316
30404.21875,4317
30404.859375,4318
30405.296875,4319
30405.828125,4320
30406.265625,4321
30406.828125,4322
30407.234375,4323
30407.8125,4324
30408.265625,4325
30408.78125,4326
30409.21875,4327
30409.71875,4328
30410.1875,4329
30410.640625,4330
30411.0625,4331
30411.5625,4332
30411.984375,4333
30412.484375,4334
30412.890625,4335
30413.390625,4336
30413.765625,4337
30414.3125,4338
30414.71875,4339
30415.21875,4340
30415.640625,4341
30416.109375,4342
30416.5625,4343
30417.046875,4344
30417.46875,4345
30417.953125,4346
30418.359375,4347
30418.875,4348
30419.265625,4349
30419.734375,4350
30420.109375,4351
30420.640625,4352
30421.03125,4353
30421.53125,4354
30421.9375,4355
30422.4375,4356
30422.859375,4357
30423.359375,4358
30423.796875,4359
30424.3125,4360
30424.734375,4361
30425.296875,4362
30425.703125,4363
30426.234375,4364
30426.703125,4365
30427.296875,4366
30462.390625,4367
30466.671875,4368
30760.03125,4369
30760.78125,4370
30836.875,4371
30837.421875,4372
30839.96875,4373
30840.359375,4374
30840.65625,4375
30841.953125,4376
